<xml xmlns:o="urn:schemas-microsoft-com:office:office">
 <o:MainFile HRef="../Lucrarea%202.htm"/>
 <o:File HRef="image001.png"/>
 <o:File HRef="image002.jpg"/>
 <o:File HRef="image003.wmz"/>
 <o:File HRef="image004.gif"/>
 <o:File HRef="oledata.mso"/>
 <o:File HRef="image005.wmz"/>
 <o:File HRef="image006.gif"/>
 <o:File HRef="image007.wmz"/>
 <o:File HRef="image008.gif"/>
 <o:File HRef="image009.png"/>
 <o:File HRef="image010.jpg"/>
 <o:File HRef="image011.png"/>
 <o:File HRef="image012.jpg"/>
 <o:File HRef="image013.wmz"/>
 <o:File HRef="image014.gif"/>
 <o:File HRef="image015.wmz"/>
 <o:File HRef="image016.gif"/>
 <o:File HRef="image017.wmz"/>
 <o:File HRef="image018.gif"/>
 <o:File HRef="image019.wmz"/>
 <o:File HRef="image020.gif"/>
 <o:File HRef="image021.wmz"/>
 <o:File HRef="image022.gif"/>
 <o:File HRef="image023.wmz"/>
 <o:File HRef="image024.gif"/>
 <o:File HRef="image025.wmz"/>
 <o:File HRef="image026.gif"/>
 <o:File HRef="image027.wmz"/>
 <o:File HRef="image028.gif"/>
 <o:File HRef="image029.wmz"/>
 <o:File HRef="image030.gif"/>
 <o:File HRef="image031.wmz"/>
 <o:File HRef="image032.gif"/>
 <o:File HRef="image033.wmz"/>
 <o:File HRef="image034.gif"/>
 <o:File HRef="image035.wmz"/>
 <o:File HRef="image036.gif"/>
 <o:File HRef="header.htm"/>
 <o:File HRef="filelist.xml"/>
</xml>